x-axis,1
second,Volt
-4.998000E-03,+683.417078E-03
-4.993000E-03,+673.366827E-03
-4.988000E-03,+643.216074E-03
-4.983000E-03,+713.567832E-03
-4.978000E-03,+703.517580E-03
-4.973000E-03,+683.417078E-03
-4.968000E-03,+683.417078E-03
-4.963000E-03,+683.417078E-03
-4.958000E-03,+683.417078E-03
-4.953000E-03,+683.417078E-03
-4.948000E-03,+643.216074E-03
-4.943000E-03,+673.366827E-03
-4.938000E-03,+703.517580E-03
-4.933000E-03,+683.417078E-03
-4.928000E-03,+643.216074E-03
-4.923000E-03,+683.417078E-03
-4.918000E-03,+663.316576E-03
-4.913000E-03,+653.266325E-03
-4.908000E-03,+643.216074E-03
-4.903000E-03,+663.316576E-03
-4.898000E-03,+683.417078E-03
-4.893000E-03,+693.467329E-03
-4.888000E-03,+643.216074E-03
-4.883000E-03,+643.216074E-03
-4.878000E-03,+683.417078E-03
-4.873000E-03,+683.417078E-03
-4.868000E-03,+683.417078E-03
-4.863000E-03,+713.567832E-03
-4.858000E-03,+663.316576E-03
-4.853000E-03,+663.316576E-03
-4.848000E-03,+683.417078E-03
-4.843000E-03,+693.467329E-03
-4.838000E-03,+683.417078E-03
-4.833000E-03,+723.618083E-03
-4.828000E-03,+683.417078E-03
-4.823000E-03,+683.417078E-03
-4.818000E-03,+683.417078E-03
-4.813000E-03,+683.417078E-03
-4.808000E-03,+643.216074E-03
-4.803000E-03,+653.266325E-03
-4.798000E-03,+723.618083E-03
-4.793000E-03,+713.567832E-03
-4.788000E-03,+643.216074E-03
-4.783000E-03,+673.366827E-03
-4.778000E-03,+683.417078E-03
-4.773000E-03,+683.417078E-03
-4.768000E-03,+723.618083E-03
-4.763000E-03,+683.417078E-03
-4.758000E-03,+643.216074E-03
-4.753000E-03,+683.417078E-03
-4.748000E-03,+683.417078E-03
-4.743000E-03,+683.417078E-03
-4.738000E-03,+663.316576E-03
-4.733000E-03,+713.567832E-03
-4.728000E-03,+643.216074E-03
-4.723000E-03,+693.467329E-03
-4.718000E-03,+683.417078E-03
-4.713000E-03,+713.567832E-03
-4.708000E-03,+683.417078E-03
-4.703000E-03,+683.417078E-03
-4.698000E-03,+663.316576E-03
-4.693000E-03,+693.467329E-03
-4.688000E-03,+683.417078E-03
-4.683000E-03,+683.417078E-03
-4.678000E-03,+663.316576E-03
-4.673000E-03,+673.366827E-03
-4.668000E-03,+683.417078E-03
-4.663000E-03,+673.366827E-03
-4.658000E-03,+663.316576E-03
-4.653000E-03,+653.266325E-03
-4.648000E-03,+683.417078E-03
-4.643000E-03,+723.618083E-03
-4.638000E-03,+683.417078E-03
-4.633000E-03,+653.266325E-03
-4.628000E-03,+723.618083E-03
-4.623000E-03,+723.618083E-03
-4.618000E-03,+683.417078E-03
-4.613000E-03,+693.467329E-03
-4.608000E-03,+683.417078E-03
-4.603000E-03,+683.417078E-03
-4.598000E-03,+683.417078E-03
-4.593000E-03,+683.417078E-03
-4.588000E-03,+723.618083E-03
-4.583000E-03,+653.266325E-03
-4.578000E-03,+703.517580E-03
-4.573000E-03,+653.266325E-03
-4.568000E-03,+643.216074E-03
-4.563000E-03,+653.266325E-03
-4.558000E-03,+683.417078E-03
-4.553000E-03,+683.417078E-03
-4.548000E-03,+683.417078E-03
-4.543000E-03,+683.417078E-03
-4.538000E-03,+663.316576E-03
-4.533000E-03,+683.417078E-03
-4.528000E-03,+683.417078E-03
-4.523000E-03,+683.417078E-03
-4.518000E-03,+683.417078E-03
-4.513000E-03,+723.618083E-03
-4.508000E-03,+683.417078E-03
-4.503000E-03,+683.417078E-03
-4.498000E-03,+683.417078E-03
-4.493000E-03,+713.567832E-03
-4.488000E-03,+683.417078E-03
-4.483000E-03,+683.417078E-03
-4.478000E-03,+683.417078E-03
-4.473000E-03,+683.417078E-03
-4.468000E-03,+683.417078E-03
-4.463000E-03,+623.115571E-03
-4.458000E-03,+683.417078E-03
-4.453000E-03,+713.567832E-03
-4.448000E-03,+683.417078E-03
-4.443000E-03,+683.417078E-03
-4.438000E-03,+663.316576E-03
-4.433000E-03,+683.417078E-03
-4.428000E-03,+683.417078E-03
-4.423000E-03,+703.517580E-03
-4.418000E-03,+703.517580E-03
-4.413000E-03,+683.417078E-03
-4.408000E-03,+683.417078E-03
-4.403000E-03,+713.567832E-03
-4.398000E-03,+683.417078E-03
-4.393000E-03,+673.366827E-03
-4.388000E-03,+683.417078E-03
-4.383000E-03,+653.266325E-03
-4.378000E-03,+663.316576E-03
-4.373000E-03,+673.366827E-03
-4.368000E-03,+723.618083E-03
-4.363000E-03,+673.366827E-03
-4.358000E-03,+683.417078E-03
-4.353000E-03,+713.567832E-03
-4.348000E-03,+723.618083E-03
-4.343000E-03,+673.366827E-03
-4.338000E-03,+703.517580E-03
-4.333000E-03,+693.467329E-03
-4.328000E-03,+683.417078E-03
-4.323000E-03,+683.417078E-03
-4.318000E-03,+703.517580E-03
-4.313000E-03,+683.417078E-03
-4.308000E-03,+683.417078E-03
-4.303000E-03,+683.417078E-03
-4.298000E-03,+683.417078E-03
-4.293000E-03,+693.467329E-03
-4.288000E-03,+683.417078E-03
-4.283000E-03,+683.417078E-03
-4.278000E-03,+683.417078E-03
-4.273000E-03,+683.417078E-03
-4.268000E-03,+643.216074E-03
-4.263000E-03,+673.366827E-03
-4.258000E-03,+703.517580E-03
-4.253000E-03,+673.366827E-03
-4.248000E-03,+683.417078E-03
-4.243000E-03,+643.216074E-03
-4.238000E-03,+703.517580E-03
-4.233000E-03,+663.316576E-03
-4.228000E-03,+683.417078E-03
-4.223000E-03,+673.366827E-03
-4.218000E-03,+683.417078E-03
-4.213000E-03,+683.417078E-03
-4.208000E-03,+723.618083E-03
-4.203000E-03,+683.417078E-03
-4.198000E-03,+663.316576E-03
-4.193000E-03,+693.467329E-03
-4.188000E-03,+683.417078E-03
-4.183000E-03,+683.417078E-03
-4.178000E-03,+663.316576E-03
-4.173000E-03,+683.417078E-03
-4.168000E-03,+683.417078E-03
-4.163000E-03,+683.417078E-03
-4.158000E-03,+663.316576E-03
-4.153000E-03,+683.417078E-03
-4.148000E-03,+683.417078E-03
-4.143000E-03,+713.567832E-03
-4.138000E-03,+723.618083E-03
-4.133000E-03,+683.417078E-03
-4.128000E-03,+723.618083E-03
-4.123000E-03,+683.417078E-03
-4.118000E-03,+663.316576E-03
-4.113000E-03,+653.266325E-03
-4.108000E-03,+683.417078E-03
-4.103000E-03,+653.266325E-03
-4.098000E-03,+683.417078E-03
-4.093000E-03,+653.266325E-03
-4.088000E-03,+683.417078E-03
-4.083000E-03,+663.316576E-03
-4.078000E-03,+663.316576E-03
-4.073000E-03,+683.417078E-03
-4.068000E-03,+643.216074E-03
-4.063000E-03,+693.467329E-03
-4.058000E-03,+663.316576E-03
-4.053000E-03,+683.417078E-03
-4.048000E-03,+683.417078E-03
-4.043000E-03,+673.366827E-03
-4.038000E-03,+663.316576E-03
-4.033000E-03,+643.216074E-03
-4.028000E-03,+683.417078E-03
-4.023000E-03,+743.718585E-03
-4.018000E-03,+663.316576E-03
-4.013000E-03,+693.467329E-03
-4.008000E-03,+643.216074E-03
-4.003000E-03,+673.366827E-03
-3.998000E-03,+683.417078E-03
-3.993000E-03,+653.266325E-03
-3.988000E-03,+683.417078E-03
-3.983000E-03,+673.366827E-03
-3.978000E-03,+683.417078E-03
-3.973000E-03,+683.417078E-03
-3.968000E-03,+683.417078E-03
-3.963000E-03,+673.366827E-03
-3.958000E-03,+643.216074E-03
-3.953000E-03,+693.467329E-03
-3.948000E-03,+683.417078E-03
-3.943000E-03,+713.567832E-03
-3.938000E-03,+663.316576E-03
-3.933000E-03,+643.216074E-03
-3.928000E-03,+683.417078E-03
-3.923000E-03,+643.216074E-03
-3.918000E-03,+683.417078E-03
-3.913000E-03,+683.417078E-03
-3.908000E-03,+683.417078E-03
-3.903000E-03,+673.366827E-03
-3.898000E-03,+683.417078E-03
-3.893000E-03,+653.266325E-03
-3.888000E-03,+723.618083E-03
-3.883000E-03,+683.417078E-03
-3.878000E-03,+683.417078E-03
-3.873000E-03,+643.216074E-03
-3.868000E-03,+643.216074E-03
-3.863000E-03,+663.316576E-03
-3.858000E-03,+703.517580E-03
-3.853000E-03,+653.266325E-03
-3.848000E-03,+643.216074E-03
-3.843000E-03,+683.417078E-03
-3.838000E-03,+663.316576E-03
-3.833000E-03,+683.417078E-03
-3.828000E-03,+683.417078E-03
-3.823000E-03,+623.115571E-03
-3.818000E-03,+663.316576E-03
-3.813000E-03,+693.467329E-03
-3.808000E-03,+683.417078E-03
-3.803000E-03,+653.266325E-03
-3.798000E-03,+683.417078E-03
-3.793000E-03,+703.517580E-03
-3.788000E-03,+683.417078E-03
-3.783000E-03,+643.216074E-03
-3.778000E-03,+643.216074E-03
-3.773000E-03,+653.266325E-03
-3.768000E-03,+683.417078E-03
-3.763000E-03,+683.417078E-03
-3.758000E-03,+703.517580E-03
-3.753000E-03,+653.266325E-03
-3.748000E-03,+643.216074E-03
-3.743000E-03,+673.366827E-03
-3.738000E-03,+643.216074E-03
-3.733000E-03,+653.266325E-03
-3.728000E-03,+683.417078E-03
-3.723000E-03,+663.316576E-03
-3.718000E-03,+683.417078E-03
-3.713000E-03,+673.366827E-03
-3.708000E-03,+643.216074E-03
-3.703000E-03,+673.366827E-03
-3.698000E-03,+643.216074E-03
-3.693000E-03,+673.366827E-03
-3.688000E-03,+643.216074E-03
-3.683000E-03,+663.316576E-03
-3.678000E-03,+663.316576E-03
-3.673000E-03,+673.366827E-03
-3.668000E-03,+683.417078E-03
-3.663000E-03,+683.417078E-03
-3.658000E-03,+703.517580E-03
-3.653000E-03,+673.366827E-03
-3.648000E-03,+643.216074E-03
-3.643000E-03,+643.216074E-03
-3.638000E-03,+703.517580E-03
-3.633000E-03,+683.417078E-03
-3.628000E-03,+683.417078E-03
-3.623000E-03,+643.216074E-03
-3.618000E-03,+663.316576E-03
-3.613000E-03,+683.417078E-03
-3.608000E-03,+683.417078E-03
-3.603000E-03,+653.266325E-03
-3.598000E-03,+663.316576E-03
-3.593000E-03,+643.216074E-03
-3.588000E-03,+683.417078E-03
-3.583000E-03,+683.417078E-03
-3.578000E-03,+643.216074E-03
-3.573000E-03,+673.366827E-03
-3.568000E-03,+723.618083E-03
-3.563000E-03,+693.467329E-03
-3.558000E-03,+663.316576E-03
-3.553000E-03,+653.266325E-03
-3.548000E-03,+643.216074E-03
-3.543000E-03,+653.266325E-03
-3.538000E-03,+683.417078E-03
-3.533000E-03,+653.266325E-03
-3.528000E-03,+643.216074E-03
-3.523000E-03,+693.467329E-03
-3.518000E-03,+663.316576E-03
-3.513000E-03,+683.417078E-03
-3.508000E-03,+683.417078E-03
-3.503000E-03,+643.216074E-03
-3.498000E-03,+623.115571E-03
-3.493000E-03,+673.366827E-03
-3.488000E-03,+643.216074E-03
-3.483000E-03,+653.266325E-03
-3.478000E-03,+663.316576E-03
-3.473000E-03,+643.216074E-03
-3.468000E-03,+643.216074E-03
-3.463000E-03,+683.417078E-03
-3.458000E-03,+683.417078E-03
-3.453000E-03,+683.417078E-03
-3.448000E-03,+683.417078E-03
-3.443000E-03,+643.216074E-03
-3.438000E-03,+663.316576E-03
-3.433000E-03,+683.417078E-03
-3.428000E-03,+643.216074E-03
-3.423000E-03,+683.417078E-03
-3.418000E-03,+663.316576E-03
-3.413000E-03,+683.417078E-03
-3.408000E-03,+683.417078E-03
-3.403000E-03,+653.266325E-03
-3.398000E-03,+643.216074E-03
-3.393000E-03,+683.417078E-03
-3.388000E-03,+683.417078E-03
-3.383000E-03,+683.417078E-03
-3.378000E-03,+663.316576E-03
-3.373000E-03,+673.366827E-03
-3.368000E-03,+643.216074E-03
-3.363000E-03,+623.115571E-03
-3.358000E-03,+683.417078E-03
-3.353000E-03,+673.366827E-03
-3.348000E-03,+643.216074E-03
-3.343000E-03,+683.417078E-03
-3.338000E-03,+683.417078E-03
-3.333000E-03,+683.417078E-03
-3.328000E-03,+683.417078E-03
-3.323000E-03,+673.366827E-03
-3.318000E-03,+663.316576E-03
-3.313000E-03,+673.366827E-03
-3.308000E-03,+683.417078E-03
-3.303000E-03,+683.417078E-03
-3.298000E-03,+663.316576E-03
-3.293000E-03,+653.266325E-03
-3.288000E-03,+643.216074E-03
-3.283000E-03,+643.216074E-03
-3.278000E-03,+683.417078E-03
-3.273000E-03,+653.266325E-03
-3.268000E-03,+683.417078E-03
-3.263000E-03,+643.216074E-03
-3.258000E-03,+683.417078E-03
-3.253000E-03,+683.417078E-03
-3.248000E-03,+683.417078E-03
-3.243000E-03,+653.266325E-03
-3.238000E-03,+663.316576E-03
-3.233000E-03,+673.366827E-03
-3.228000E-03,+683.417078E-03
-3.223000E-03,+653.266325E-03
-3.218000E-03,+683.417078E-03
-3.213000E-03,+703.517580E-03
-3.208000E-03,+683.417078E-03
-3.203000E-03,+673.366827E-03
-3.198000E-03,+663.316576E-03
-3.193000E-03,+683.417078E-03
-3.188000E-03,+683.417078E-03
-3.183000E-03,+683.417078E-03
-3.178000E-03,+683.417078E-03
-3.173000E-03,+653.266325E-03
-3.168000E-03,+643.216074E-03
-3.163000E-03,+673.366827E-03
-3.158000E-03,+663.316576E-03
-3.153000E-03,+613.065320E-03
-3.148000E-03,+683.417078E-03
-3.143000E-03,+673.366827E-03
-3.138000E-03,+663.316576E-03
-3.133000E-03,+673.366827E-03
-3.128000E-03,+643.216074E-03
-3.123000E-03,+683.417078E-03
-3.118000E-03,+683.417078E-03
-3.113000E-03,+693.467329E-03
-3.108000E-03,+643.216074E-03
-3.103000E-03,+703.517580E-03
-3.098000E-03,+683.417078E-03
-3.093000E-03,+613.065320E-03
-3.088000E-03,+723.618083E-03
-3.083000E-03,+683.417078E-03
-3.078000E-03,+663.316576E-03
-3.073000E-03,+653.266325E-03
-3.068000E-03,+683.417078E-03
-3.063000E-03,+683.417078E-03
-3.058000E-03,+663.316576E-03
-3.053000E-03,+683.417078E-03
-3.048000E-03,+683.417078E-03
-3.043000E-03,+683.417078E-03
-3.038000E-03,+643.216074E-03
-3.033000E-03,+673.366827E-03
-3.028000E-03,+683.417078E-03
-3.023000E-03,+643.216074E-03
-3.018000E-03,+663.316576E-03
-3.013000E-03,+653.266325E-03
-3.008000E-03,+643.216074E-03
-3.003000E-03,+653.266325E-03
-2.998000E-03,+663.316576E-03
-2.993000E-03,+683.417078E-03
-2.988000E-03,+683.417078E-03
-2.983000E-03,+653.266325E-03
-2.978000E-03,+663.316576E-03
-2.973000E-03,+653.266325E-03
-2.968000E-03,+683.417078E-03
-2.963000E-03,+703.517580E-03
-2.958000E-03,+683.417078E-03
-2.953000E-03,+653.266325E-03
-2.948000E-03,+683.417078E-03
-2.943000E-03,+673.366827E-03
-2.938000E-03,+683.417078E-03
-2.933000E-03,+643.216074E-03
-2.928000E-03,+683.417078E-03
-2.923000E-03,+643.216074E-03
-2.918000E-03,+663.316576E-03
-2.913000E-03,+673.366827E-03
-2.908000E-03,+683.417078E-03
-2.903000E-03,+683.417078E-03
-2.898000E-03,+683.417078E-03
-2.893000E-03,+673.366827E-03
-2.888000E-03,+683.417078E-03
-2.883000E-03,+653.266325E-03
-2.878000E-03,+663.316576E-03
-2.873000E-03,+683.417078E-03
-2.868000E-03,+643.216074E-03
-2.863000E-03,+703.517580E-03
-2.858000E-03,+703.517580E-03
-2.853000E-03,+683.417078E-03
-2.848000E-03,+683.417078E-03
-2.843000E-03,+653.266325E-03
-2.838000E-03,+663.316576E-03
-2.833000E-03,+683.417078E-03
-2.828000E-03,+683.417078E-03
-2.823000E-03,+673.366827E-03
-2.818000E-03,+663.316576E-03
-2.813000E-03,+643.216074E-03
-2.808000E-03,+683.417078E-03
-2.803000E-03,+643.216074E-03
-2.798000E-03,+683.417078E-03
-2.793000E-03,+653.266325E-03
-2.788000E-03,+643.216074E-03
-2.783000E-03,+673.366827E-03
-2.778000E-03,+683.417078E-03
-2.773000E-03,+683.417078E-03
-2.768000E-03,+723.618083E-03
-2.763000E-03,+643.216074E-03
-2.758000E-03,+683.417078E-03
-2.753000E-03,+643.216074E-03
-2.748000E-03,+683.417078E-03
-2.743000E-03,+683.417078E-03
-2.738000E-03,+683.417078E-03
-2.733000E-03,+653.266325E-03
-2.728000E-03,+643.216074E-03
-2.723000E-03,+673.366827E-03
-2.718000E-03,+643.216074E-03
-2.713000E-03,+683.417078E-03
-2.708000E-03,+683.417078E-03
-2.703000E-03,+683.417078E-03
-2.698000E-03,+703.517580E-03
-2.693000E-03,+643.216074E-03
-2.688000E-03,+683.417078E-03
-2.683000E-03,+683.417078E-03
-2.678000E-03,+663.316576E-03
-2.673000E-03,+673.366827E-03
-2.668000E-03,+683.417078E-03
-2.663000E-03,+683.417078E-03
-2.658000E-03,+663.316576E-03
-2.653000E-03,+633.165822E-03
-2.648000E-03,+683.417078E-03
-2.643000E-03,+683.417078E-03
-2.638000E-03,+683.417078E-03
-2.633000E-03,+653.266325E-03
-2.628000E-03,+643.216074E-03
-2.623000E-03,+643.216074E-03
-2.618000E-03,+683.417078E-03
-2.613000E-03,+653.266325E-03
-2.608000E-03,+683.417078E-03
-2.603000E-03,+683.417078E-03
-2.598000E-03,+643.216074E-03
-2.593000E-03,+653.266325E-03
-2.588000E-03,+683.417078E-03
-2.583000E-03,+673.366827E-03
-2.578000E-03,+703.517580E-03
-2.573000E-03,+683.417078E-03
-2.568000E-03,+643.216074E-03
-2.563000E-03,+663.316576E-03
-2.558000E-03,+623.115571E-03
-2.553000E-03,+713.567832E-03
-2.548000E-03,+643.216074E-03
-2.543000E-03,+683.417078E-03
-2.538000E-03,+663.316576E-03
-2.533000E-03,+683.417078E-03
-2.528000E-03,+643.216074E-03
-2.523000E-03,+663.316576E-03
-2.518000E-03,+643.216074E-03
-2.513000E-03,+683.417078E-03
-2.508000E-03,+683.417078E-03
-2.503000E-03,+643.216074E-03
-2.498000E-03,+683.417078E-03
-2.493000E-03,+683.417078E-03
-2.488000E-03,+643.216074E-03
-2.483000E-03,+663.316576E-03
-2.478000E-03,+703.517580E-03
-2.473000E-03,+683.417078E-03
-2.468000E-03,+643.216074E-03
-2.463000E-03,+643.216074E-03
-2.458000E-03,+663.316576E-03
-2.453000E-03,+683.417078E-03
-2.448000E-03,+683.417078E-03
-2.443000E-03,+643.216074E-03
-2.438000E-03,+683.417078E-03
-2.433000E-03,+653.266325E-03
-2.428000E-03,+643.216074E-03
-2.423000E-03,+683.417078E-03
-2.418000E-03,+663.316576E-03
-2.413000E-03,+643.216074E-03
-2.408000E-03,+643.216074E-03
-2.403000E-03,+673.366827E-03
-2.398000E-03,+663.316576E-03
-2.393000E-03,+683.417078E-03
-2.388000E-03,+683.417078E-03
-2.383000E-03,+673.366827E-03
-2.378000E-03,+663.316576E-03
-2.373000E-03,+673.366827E-03
-2.368000E-03,+643.216074E-03
-2.363000E-03,+643.216074E-03
-2.358000E-03,+723.618083E-03
-2.353000E-03,+653.266325E-03
-2.348000E-03,+643.216074E-03
-2.343000E-03,+683.417078E-03
-2.338000E-03,+663.316576E-03
-2.333000E-03,+683.417078E-03
-2.328000E-03,+643.216074E-03
-2.323000E-03,+643.216074E-03
-2.318000E-03,+683.417078E-03
-2.313000E-03,+653.266325E-03
-2.308000E-03,+683.417078E-03
-2.303000E-03,+653.266325E-03
-2.298000E-03,+663.316576E-03
-2.293000E-03,+653.266325E-03
-2.288000E-03,+683.417078E-03
-2.283000E-03,+653.266325E-03
-2.278000E-03,+683.417078E-03
-2.273000E-03,+643.216074E-03
-2.268000E-03,+683.417078E-03
-2.263000E-03,+653.266325E-03
-2.258000E-03,+643.216074E-03
-2.253000E-03,+673.366827E-03
-2.248000E-03,+683.417078E-03
-2.243000E-03,+683.417078E-03
-2.238000E-03,+663.316576E-03
-2.233000E-03,+683.417078E-03
-2.228000E-03,+643.216074E-03
-2.223000E-03,+683.417078E-03
-2.218000E-03,+643.216074E-03
-2.213000E-03,+683.417078E-03
-2.208000E-03,+683.417078E-03
-2.203000E-03,+623.115571E-03
-2.198000E-03,+703.517580E-03
-2.193000E-03,+673.366827E-03
-2.188000E-03,+683.417078E-03
-2.183000E-03,+673.366827E-03
-2.178000E-03,+643.216074E-03
-2.173000E-03,+643.216074E-03
-2.168000E-03,+683.417078E-03
-2.163000E-03,+643.216074E-03
-2.158000E-03,+683.417078E-03
-2.153000E-03,+643.216074E-03
-2.148000E-03,+643.216074E-03
-2.143000E-03,+673.366827E-03
-2.138000E-03,+683.417078E-03
-2.133000E-03,+643.216074E-03
-2.128000E-03,+683.417078E-03
-2.123000E-03,+683.417078E-03
-2.118000E-03,+683.417078E-03
-2.113000E-03,+653.266325E-03
-2.108000E-03,+683.417078E-03
-2.103000E-03,+653.266325E-03
-2.098000E-03,+663.316576E-03
-2.093000E-03,+673.366827E-03
-2.088000E-03,+683.417078E-03
-2.083000E-03,+673.366827E-03
-2.078000E-03,+683.417078E-03
-2.073000E-03,+693.467329E-03
-2.068000E-03,+643.216074E-03
-2.063000E-03,+633.165822E-03
-2.058000E-03,+703.517580E-03
-2.053000E-03,+653.266325E-03
-2.048000E-03,+643.216074E-03
-2.043000E-03,+643.216074E-03
-2.038000E-03,+683.417078E-03
-2.033000E-03,+683.417078E-03
-2.028000E-03,+643.216074E-03
-2.023000E-03,+683.417078E-03
-2.018000E-03,+683.417078E-03
-2.013000E-03,+683.417078E-03
-2.008000E-03,+683.417078E-03
-2.003000E-03,+683.417078E-03
-1.998000E-03,+683.417078E-03
-1.993000E-03,+673.366827E-03
-1.988000E-03,+643.216074E-03
-1.983000E-03,+693.467329E-03
-1.978000E-03,+643.216074E-03
-1.973000E-03,+683.417078E-03
-1.968000E-03,+683.417078E-03
-1.963000E-03,+683.417078E-03
-1.958000E-03,+683.417078E-03
-1.953000E-03,+673.366827E-03
-1.948000E-03,+683.417078E-03
-1.943000E-03,+683.417078E-03
-1.938000E-03,+643.216074E-03
-1.933000E-03,+653.266325E-03
-1.928000E-03,+683.417078E-03
-1.923000E-03,+643.216074E-03
-1.918000E-03,+643.216074E-03
-1.913000E-03,+673.366827E-03
-1.908000E-03,+683.417078E-03
-1.903000E-03,+683.417078E-03
-1.898000E-03,+643.216074E-03
-1.893000E-03,+693.467329E-03
-1.888000E-03,+643.216074E-03
-1.883000E-03,+653.266325E-03
-1.878000E-03,+663.316576E-03
-1.873000E-03,+673.366827E-03
-1.868000E-03,+643.216074E-03
-1.863000E-03,+693.467329E-03
-1.858000E-03,+663.316576E-03
-1.853000E-03,+683.417078E-03
-1.848000E-03,+683.417078E-03
-1.843000E-03,+643.216074E-03
-1.838000E-03,+683.417078E-03
-1.833000E-03,+643.216074E-03
-1.828000E-03,+683.417078E-03
-1.823000E-03,+683.417078E-03
-1.818000E-03,+683.417078E-03
-1.813000E-03,+673.366827E-03
-1.808000E-03,+643.216074E-03
-1.803000E-03,+653.266325E-03
-1.798000E-03,+683.417078E-03
-1.793000E-03,+683.417078E-03
-1.788000E-03,+683.417078E-03
-1.783000E-03,+633.165822E-03
-1.778000E-03,+683.417078E-03
-1.773000E-03,+653.266325E-03
-1.768000E-03,+643.216074E-03
-1.763000E-03,+683.417078E-03
-1.758000E-03,+683.417078E-03
-1.753000E-03,+693.467329E-03
-1.748000E-03,+683.417078E-03
-1.743000E-03,+653.266325E-03
-1.738000E-03,+643.216074E-03
-1.733000E-03,+683.417078E-03
-1.728000E-03,+643.216074E-03
-1.723000E-03,+653.266325E-03
-1.718000E-03,+703.517580E-03
-1.713000E-03,+683.417078E-03
-1.708000E-03,+683.417078E-03
-1.703000E-03,+693.467329E-03
-1.698000E-03,+683.417078E-03
-1.693000E-03,+703.517580E-03
-1.688000E-03,+643.216074E-03
-1.683000E-03,+643.216074E-03
-1.678000E-03,+663.316576E-03
-1.673000E-03,+673.366827E-03
-1.668000E-03,+683.417078E-03
-1.663000E-03,+683.417078E-03
-1.658000E-03,+703.517580E-03
-1.653000E-03,+713.567832E-03
-1.648000E-03,+683.417078E-03
-1.643000E-03,+713.567832E-03
-1.638000E-03,+663.316576E-03
-1.633000E-03,+693.467329E-03
-1.628000E-03,+683.417078E-03
-1.623000E-03,+673.366827E-03
-1.618000E-03,+663.316576E-03
-1.613000E-03,+713.567832E-03
-1.608000E-03,+683.417078E-03
-1.603000E-03,+653.266325E-03
-1.598000E-03,+643.216074E-03
-1.593000E-03,+643.216074E-03
-1.588000E-03,+683.417078E-03
-1.583000E-03,+673.366827E-03
-1.578000E-03,+683.417078E-03
-1.573000E-03,+673.366827E-03
-1.568000E-03,+643.216074E-03
-1.563000E-03,+683.417078E-03
-1.558000E-03,+643.216074E-03
-1.553000E-03,+673.366827E-03
-1.548000E-03,+683.417078E-03
-1.543000E-03,+683.417078E-03
-1.538000E-03,+683.417078E-03
-1.533000E-03,+683.417078E-03
-1.528000E-03,+683.417078E-03
-1.523000E-03,+643.216074E-03
-1.518000E-03,+663.316576E-03
-1.513000E-03,+673.366827E-03
-1.508000E-03,+683.417078E-03
-1.503000E-03,+673.366827E-03
-1.498000E-03,+683.417078E-03
-1.493000E-03,+643.216074E-03
-1.488000E-03,+683.417078E-03
-1.483000E-03,+683.417078E-03
-1.478000E-03,+643.216073E-03
-1.473000E-03,+663.316576E-03
-1.468000E-03,+683.417078E-03
-1.463000E-03,+653.266325E-03
-1.458000E-03,+683.417078E-03
-1.453000E-03,+683.417078E-03
-1.448000E-03,+643.216074E-03
-1.443000E-03,+653.266325E-03
-1.438000E-03,+663.316576E-03
-1.433000E-03,+673.366827E-03
-1.428000E-03,+683.417078E-03
-1.423000E-03,+683.417078E-03
-1.418000E-03,+683.417078E-03
-1.413000E-03,+673.366827E-03
-1.408000E-03,+683.417078E-03
-1.403000E-03,+683.417078E-03
-1.398000E-03,+683.417078E-03
-1.393000E-03,+713.567832E-03
-1.388000E-03,+643.216074E-03
-1.383000E-03,+653.266325E-03
-1.378000E-03,+663.316576E-03
-1.373000E-03,+673.366827E-03
-1.368000E-03,+643.216074E-03
-1.363000E-03,+683.417078E-03
-1.358000E-03,+663.316576E-03
-1.353000E-03,+683.417078E-03
-1.348000E-03,+683.417078E-03
-1.343000E-03,+683.417078E-03
-1.338000E-03,+683.417078E-03
-1.333000E-03,+683.417078E-03
-1.328000E-03,+683.417078E-03
-1.323000E-03,+693.467329E-03
-1.318000E-03,+683.417078E-03
-1.313000E-03,+693.467329E-03
-1.308000E-03,+683.417078E-03
-1.303000E-03,+713.567832E-03
-1.298000E-03,+683.417078E-03
-1.293000E-03,+673.366827E-03
-1.288000E-03,+683.417078E-03
-1.283000E-03,+683.417078E-03
-1.278000E-03,+643.216073E-03
-1.273000E-03,+683.417078E-03
-1.268000E-03,+683.417078E-03
-1.263000E-03,+683.417078E-03
-1.258000E-03,+643.216074E-03
-1.253000E-03,+683.417078E-03
-1.248000E-03,+683.417078E-03
-1.243000E-03,+713.567832E-03
-1.238000E-03,+683.417078E-03
-1.233000E-03,+683.417078E-03
-1.228000E-03,+643.216074E-03
-1.223000E-03,+673.366827E-03
-1.218000E-03,+663.316576E-03
-1.213000E-03,+683.417078E-03
-1.208000E-03,+643.216074E-03
-1.203000E-03,+723.618083E-03
-1.198000E-03,+663.316576E-03
-1.193000E-03,+693.467329E-03
-1.188000E-03,+643.216074E-03
-1.183000E-03,+643.216074E-03
-1.178000E-03,+683.417078E-03
-1.173000E-03,+683.417078E-03
-1.168000E-03,+723.618083E-03
-1.163000E-03,+663.316576E-03
-1.158000E-03,+643.216073E-03
-1.153000E-03,+683.417078E-03
-1.148000E-03,+683.417078E-03
-1.143000E-03,+643.216074E-03
-1.138000E-03,+663.316576E-03
-1.133000E-03,+683.417078E-03
-1.128000E-03,+683.417078E-03
-1.123000E-03,+683.417078E-03
-1.118000E-03,+663.316576E-03
-1.113000E-03,+683.417078E-03
-1.108000E-03,+683.417078E-03
-1.103000E-03,+643.216074E-03
-1.098000E-03,+703.517580E-03
-1.093000E-03,+603.015069E-03
-1.088000E-03,+683.417078E-03
-1.083000E-03,+673.366827E-03
-1.078000E-03,+683.417078E-03
-1.073000E-03,+713.567832E-03
-1.068000E-03,+683.417078E-03
-1.063000E-03,+653.266325E-03
-1.058000E-03,+683.417078E-03
-1.053000E-03,+683.417078E-03
-1.048000E-03,+643.216074E-03
-1.043000E-03,+683.417078E-03
-1.038000E-03,+663.316576E-03
-1.033000E-03,+673.366827E-03
-1.028000E-03,+643.216074E-03
-1.023000E-03,+713.567832E-03
-1.018000E-03,+683.417078E-03
-1.013000E-03,+673.366827E-03
-1.008000E-03,+683.417078E-03
-1.003000E-03,+653.266325E-03
-998.000E-06,+663.316576E-03
-993.000E-06,+673.366827E-03
-988.000E-06,+683.417078E-03
-983.000E-06,+683.417078E-03
-978.000E-06,+663.316576E-03
-973.000E-06,+683.417078E-03
-968.000E-06,+603.015069E-03
-963.000E-06,+673.366827E-03
-958.000E-06,+683.417078E-03
-953.000E-06,+683.417078E-03
-948.000E-06,+643.216074E-03
-943.000E-06,+653.266325E-03
-938.000E-06,+683.417078E-03
-933.000E-06,+653.266325E-03
-928.000E-06,+683.417078E-03
-923.000E-06,+683.417078E-03
-918.000E-06,+663.316576E-03
-913.000E-06,+683.417078E-03
-908.000E-06,+683.417078E-03
-903.000E-06,+723.618083E-03
-898.000E-06,+663.316576E-03
-893.000E-06,+653.266325E-03
-888.000E-06,+643.216074E-03
-883.000E-06,+643.216074E-03
-878.000E-06,+683.417078E-03
-873.000E-06,+693.467329E-03
-868.000E-06,+683.417078E-03
-863.000E-06,+683.417078E-03
-858.000E-06,+683.417078E-03
-853.000E-06,+653.266325E-03
-848.000E-06,+643.216074E-03
-843.000E-06,+693.467329E-03
-838.000E-06,+683.417078E-03
-833.000E-06,+693.467329E-03
-828.000E-06,+643.216074E-03
-823.000E-06,+683.417078E-03
-818.000E-06,+683.417078E-03
-813.000E-06,+653.266325E-03
-808.000E-06,+683.417078E-03
-803.000E-06,+683.417078E-03
-798.000E-06,+703.517580E-03
-793.000E-06,+673.366827E-03
-788.000E-06,+683.417078E-03
-783.000E-06,+673.366827E-03
-778.000E-06,+663.316576E-03
-773.000E-06,+683.417078E-03
-768.000E-06,+683.417078E-03
-763.000E-06,+683.417078E-03
-758.000E-06,+663.316576E-03
-753.000E-06,+673.366827E-03
-748.000E-06,+723.618083E-03
-743.000E-06,+693.467329E-03
-738.000E-06,+703.517580E-03
-733.000E-06,+683.417078E-03
-728.000E-06,+683.417078E-03
-723.000E-06,+703.517580E-03
-718.000E-06,+683.417078E-03
-713.000E-06,+653.266325E-03
-708.000E-06,+683.417078E-03
-703.000E-06,+683.417078E-03
-698.000E-06,+663.316576E-03
-693.000E-06,+683.417078E-03
-688.000E-06,+723.618083E-03
-683.000E-06,+693.467329E-03
-678.000E-06,+643.216074E-03
-673.000E-06,+683.417078E-03
-668.000E-06,+683.417078E-03
-663.000E-06,+643.216074E-03
-658.000E-06,+683.417078E-03
-653.000E-06,+703.517580E-03
-648.000E-06,+683.417078E-03
-643.000E-06,+653.266325E-03
-638.000E-06,+663.316576E-03
-633.000E-06,+683.417078E-03
-628.000E-06,+683.417078E-03
-623.000E-06,+703.517580E-03
-618.000E-06,+643.216074E-03
-613.000E-06,+683.417078E-03
-608.000E-06,+643.216074E-03
-603.000E-06,+683.417078E-03
-598.000E-06,+703.517580E-03
-593.000E-06,+693.467329E-03
-588.000E-06,+683.417078E-03
-583.000E-06,+673.366827E-03
-578.000E-06,+703.517580E-03
-573.000E-06,+683.417078E-03
-568.000E-06,+683.417078E-03
-563.000E-06,+683.417078E-03
-558.000E-06,+683.417078E-03
-553.000E-06,+643.216074E-03
-548.000E-06,+683.417078E-03
-543.000E-06,+653.266325E-03
-538.000E-06,+663.316576E-03
-533.000E-06,+653.266325E-03
-528.000E-06,+683.417078E-03
-523.000E-06,+683.417078E-03
-518.000E-06,+643.216074E-03
-513.000E-06,+673.366827E-03
-508.000E-06,+643.216074E-03
-503.000E-06,+703.517580E-03
-498.000E-06,+663.316576E-03
-493.000E-06,+643.216074E-03
-488.000E-06,+643.216074E-03
-483.000E-06,+683.417078E-03
-478.000E-06,+683.417078E-03
-473.000E-06,+653.266325E-03
-468.000E-06,+683.417078E-03
-463.000E-06,+683.417078E-03
-458.000E-06,+683.417078E-03
-453.000E-06,+683.417078E-03
-448.000E-06,+683.417078E-03
-443.000E-06,+683.417078E-03
-438.000E-06,+703.517580E-03
-433.000E-06,+713.567832E-03
-428.000E-06,+643.216074E-03
-423.000E-06,+683.417078E-03
-418.000E-06,+683.417078E-03
-413.000E-06,+683.417078E-03
-408.000E-06,+723.618083E-03
-403.000E-06,+683.417078E-03
-398.000E-06,+683.417078E-03
-393.000E-06,+683.417078E-03
-388.000E-06,+723.618083E-03
-383.000E-06,+673.366827E-03
-378.000E-06,+723.618083E-03
-373.000E-06,+683.417078E-03
-368.000E-06,+683.417078E-03
-363.000E-06,+683.417078E-03
-358.000E-06,+663.316576E-03
-353.000E-06,+653.266325E-03
-348.000E-06,+683.417078E-03
-343.000E-06,+703.517580E-03
-338.000E-06,+683.417078E-03
-333.000E-06,+713.567832E-03
-328.000E-06,+683.417078E-03
-323.000E-06,+663.316576E-03
-318.000E-06,+663.316576E-03
-313.000E-06,+693.467329E-03
-308.000E-06,+683.417078E-03
-303.000E-06,+673.366827E-03
-298.000E-06,+703.517580E-03
-293.000E-06,+653.266325E-03
-288.000E-06,+683.417078E-03
-283.000E-06,+683.417078E-03
-278.000E-06,+683.417078E-03
-273.000E-06,+653.266325E-03
-268.000E-06,+723.618083E-03
-263.000E-06,+663.316576E-03
-258.000E-06,+723.618083E-03
-253.000E-06,+713.567832E-03
-248.000E-06,+683.417078E-03
-243.000E-06,+673.366827E-03
-238.000E-06,+663.316576E-03
-233.000E-06,+683.417078E-03
-228.000E-06,+723.618083E-03
-223.000E-06,+683.417078E-03
-218.000E-06,+683.417078E-03
-213.000E-06,+653.266325E-03
-208.000E-06,+683.417078E-03
-203.000E-06,+683.417078E-03
-198.000E-06,+643.216074E-03
-193.000E-06,+683.417078E-03
-188.000E-06,+723.618083E-03
-183.000E-06,+683.417078E-03
-178.000E-06,+703.517580E-03
-173.000E-06,+683.417078E-03
-168.000E-06,+683.417078E-03
-163.000E-06,+653.266325E-03
-158.000E-06,+683.417078E-03
-153.000E-06,+663.316576E-03
-148.000E-06,+683.417078E-03
-143.000E-06,+723.618083E-03
-138.000E-06,+683.417078E-03
-133.000E-06,+693.467329E-03
-128.000E-06,+683.417078E-03
-123.000E-06,+723.618083E-03
-118.000E-06,+663.316576E-03
-113.000E-06,+723.618083E-03
-108.000E-06,+643.216074E-03
-103.000E-06,+653.266325E-03
-98.000E-06,+723.618083E-03
-93.000E-06,+713.567832E-03
-88.000E-06,+683.417078E-03
-83.000E-06,+683.417078E-03
-78.000E-06,+703.517580E-03
-73.000E-06,+683.417078E-03
-68.000E-06,+723.618083E-03
-63.000E-06,+653.266325E-03
-58.000E-06,+703.517580E-03
-53.000E-06,+663.316576E-03
-48.000E-06,+643.216074E-03
-43.000E-06,+683.417078E-03
-38.000E-06,+663.316576E-03
-33.000E-06,+683.417078E-03
-28.000E-06,+683.417078E-03
-23.000E-06,+713.567832E-03
-18.000E-06,+703.517580E-03
-13.000E-06,+673.366827E-03
-8.000E-06,+683.417078E-03
-3.000E-06,+693.467329E-03
+2.000E-06,+663.316576E-03
+7.000E-06,+683.417078E-03
+12.000E-06,+683.417078E-03
+17.000E-06,+653.266325E-03
+22.000E-06,+683.417078E-03
+27.000E-06,+683.417078E-03
+32.000E-06,+723.618083E-03
+37.000E-06,+683.417078E-03
+42.000E-06,+663.316576E-03
+47.000E-06,+713.567832E-03
+52.000E-06,+683.417078E-03
+57.000E-06,+733.668334E-03
+62.000E-06,+683.417078E-03
+67.000E-06,+683.417078E-03
+72.000E-06,+723.618083E-03
+77.000E-06,+723.618083E-03
+82.000E-06,+683.417078E-03
+87.000E-06,+683.417078E-03
+92.000E-06,+723.618083E-03
+97.000E-06,+693.467329E-03
+102.000E-06,+703.517580E-03
+107.000E-06,+683.417078E-03
+112.000E-06,+683.417078E-03
+117.000E-06,+683.417078E-03
+122.000E-06,+643.216073E-03
+127.000E-06,+683.417078E-03
+132.000E-06,+683.417078E-03
+137.000E-06,+713.567832E-03
+142.000E-06,+683.417078E-03
+147.000E-06,+713.567832E-03
+152.000E-06,+723.618083E-03
+157.000E-06,+683.417078E-03
+162.000E-06,+663.316576E-03
+167.000E-06,+683.417078E-03
+172.000E-06,+683.417078E-03
+177.000E-06,+683.417078E-03
+182.000E-06,+683.417078E-03
+187.000E-06,+683.417078E-03
+192.000E-06,+683.417078E-03
+197.000E-06,+653.266325E-03
+202.000E-06,+683.417078E-03
+207.000E-06,+673.366827E-03
+212.000E-06,+643.216074E-03
+217.000E-06,+683.417078E-03
+222.000E-06,+663.316576E-03
+227.000E-06,+693.467329E-03
+232.000E-06,+643.216074E-03
+237.000E-06,+643.216074E-03
+242.000E-06,+663.316576E-03
+247.000E-06,+683.417078E-03
+252.000E-06,+643.216074E-03
+257.000E-06,+693.467329E-03
+262.000E-06,+663.316576E-03
+267.000E-06,+713.567832E-03
+272.000E-06,+683.417078E-03
+277.000E-06,+683.417078E-03
+282.000E-06,+703.517580E-03
+287.000E-06,+683.417078E-03
+292.000E-06,+643.216074E-03
+297.000E-06,+643.216074E-03
+302.000E-06,+703.517580E-03
+307.000E-06,+713.567832E-03
+312.000E-06,+683.417078E-03
+317.000E-06,+683.417078E-03
+322.000E-06,+703.517580E-03
+327.000E-06,+703.517580E-03
+332.000E-06,+643.216074E-03
+337.000E-06,+713.567832E-03
+342.000E-06,+663.316576E-03
+347.000E-06,+683.417078E-03
+352.000E-06,+683.417078E-03
+357.000E-06,+713.567832E-03
+362.000E-06,+663.316576E-03
+367.000E-06,+653.266325E-03
+372.000E-06,+723.618083E-03
+377.000E-06,+683.417078E-03
+382.000E-06,+703.517580E-03
+387.000E-06,+693.467329E-03
+392.000E-06,+683.417078E-03
+397.000E-06,+713.567832E-03
+402.000E-06,+683.417078E-03
+407.000E-06,+683.417078E-03
+412.000E-06,+683.417078E-03
+417.000E-06,+713.567832E-03
+422.000E-06,+703.517580E-03
+427.000E-06,+683.417078E-03
+432.000E-06,+683.417078E-03
+437.000E-06,+683.417078E-03
+442.000E-06,+703.517580E-03
+447.000E-06,+713.567832E-03
+452.000E-06,+683.417078E-03
+457.000E-06,+693.467329E-03
+462.000E-06,+663.316576E-03
+467.000E-06,+673.366827E-03
+472.000E-06,+683.417078E-03
+477.000E-06,+683.417078E-03
+482.000E-06,+683.417078E-03
+487.000E-06,+693.467329E-03
+492.000E-06,+643.216074E-03
+497.000E-06,+683.417078E-03
+502.000E-06,+683.417078E-03
+507.000E-06,+693.467329E-03
+512.000E-06,+683.417078E-03
+517.000E-06,+683.417078E-03
+522.000E-06,+683.417078E-03
+527.000E-06,+663.316576E-03
+532.000E-06,+723.618083E-03
+537.000E-06,+673.366827E-03
+542.000E-06,+683.417078E-03
+547.000E-06,+723.618083E-03
+552.000E-06,+723.618083E-03
+557.000E-06,+713.567832E-03
+562.000E-06,+703.517580E-03
+567.000E-06,+683.417078E-03
+572.000E-06,+643.216074E-03
+577.000E-06,+683.417078E-03
+582.000E-06,+703.517580E-03
+587.000E-06,+693.467329E-03
+592.000E-06,+683.417078E-03
+597.000E-06,+673.366827E-03
+602.000E-06,+703.517580E-03
+607.000E-06,+683.417078E-03
+612.000E-06,+683.417078E-03
+617.000E-06,+723.618083E-03
+622.000E-06,+683.417078E-03
+627.000E-06,+663.316576E-03
+632.000E-06,+643.216074E-03
+637.000E-06,+683.417078E-03
+642.000E-06,+703.517580E-03
+647.000E-06,+683.417078E-03
+652.000E-06,+643.216074E-03
+657.000E-06,+683.417078E-03
+662.000E-06,+683.417078E-03
+667.000E-06,+683.417078E-03
+672.000E-06,+683.417078E-03
+677.000E-06,+683.417078E-03
+682.000E-06,+643.216074E-03
+687.000E-06,+663.316576E-03
+692.000E-06,+643.216074E-03
+697.000E-06,+683.417078E-03
+702.000E-06,+683.417078E-03
+707.000E-06,+673.366827E-03
+712.000E-06,+683.417078E-03
+717.000E-06,+683.417078E-03
+722.000E-06,+663.316576E-03
+727.000E-06,+713.567832E-03
+732.000E-06,+643.216074E-03
+737.000E-06,+673.366827E-03
+742.000E-06,+663.316576E-03
+747.000E-06,+643.216074E-03
+752.000E-06,+683.417078E-03
+757.000E-06,+653.266325E-03
+762.000E-06,+663.316576E-03
+767.000E-06,+693.467329E-03
+772.000E-06,+723.618083E-03
+777.000E-06,+653.266325E-03
+782.000E-06,+683.417078E-03
+787.000E-06,+673.366827E-03
+792.000E-06,+723.618083E-03
+797.000E-06,+683.417078E-03
+802.000E-06,+683.417078E-03
+807.000E-06,+683.417078E-03
+812.000E-06,+683.417078E-03
+817.000E-06,+673.366827E-03
+822.000E-06,+683.417078E-03
+827.000E-06,+643.216074E-03
+832.000E-06,+683.417078E-03
+837.000E-06,+683.417078E-03
+842.000E-06,+683.417078E-03
+847.000E-06,+683.417078E-03
+852.000E-06,+683.417078E-03
+857.000E-06,+653.266325E-03
+862.000E-06,+663.316576E-03
+867.000E-06,+673.366827E-03
+872.000E-06,+683.417078E-03
+877.000E-06,+673.366827E-03
+882.000E-06,+683.417078E-03
+887.000E-06,+683.417078E-03
+892.000E-06,+683.417078E-03
+897.000E-06,+653.266325E-03
+902.000E-06,+683.417078E-03
+907.000E-06,+683.417078E-03
+912.000E-06,+683.417078E-03
+917.000E-06,+663.316576E-03
+922.000E-06,+663.316576E-03
+927.000E-06,+713.567832E-03
+932.000E-06,+683.417078E-03
+937.000E-06,+683.417078E-03
+942.000E-06,+643.216074E-03
+947.000E-06,+713.567832E-03
+952.000E-06,+723.618083E-03
+957.000E-06,+683.417078E-03
+962.000E-06,+663.316576E-03
+967.000E-06,+653.266325E-03
+972.000E-06,+683.417078E-03
+977.000E-06,+683.417078E-03
+982.000E-06,+703.517580E-03
+987.000E-06,+723.618083E-03
+992.000E-06,+683.417078E-03
+997.000E-06,+683.417078E-03
+1.002000E-03,+703.517580E-03
+1.007000E-03,+663.316576E-03
+1.012000E-03,+683.417078E-03
+1.017000E-03,+653.266325E-03
+1.022000E-03,+663.316576E-03
+1.027000E-03,+703.517580E-03
+1.032000E-03,+643.216074E-03
+1.037000E-03,+683.417078E-03
+1.042000E-03,+683.417078E-03
+1.047000E-03,+693.467329E-03
+1.052000E-03,+683.417078E-03
+1.057000E-03,+673.366827E-03
+1.062000E-03,+663.316576E-03
+1.067000E-03,+683.417078E-03
+1.072000E-03,+643.216074E-03
+1.077000E-03,+673.366827E-03
+1.082000E-03,+683.417078E-03
+1.087000E-03,+693.467329E-03
+1.092000E-03,+643.216074E-03
+1.097000E-03,+663.316576E-03
+1.102000E-03,+663.316576E-03
+1.107000E-03,+683.417078E-03
+1.112000E-03,+643.216074E-03
+1.117000E-03,+653.266325E-03
+1.122000E-03,+683.417078E-03
+1.127000E-03,+703.517580E-03
+1.132000E-03,+683.417078E-03
+1.137000E-03,+693.467329E-03
+1.142000E-03,+703.517580E-03
+1.147000E-03,+683.417078E-03
+1.152000E-03,+683.417078E-03
+1.157000E-03,+683.417078E-03
+1.162000E-03,+663.316576E-03
+1.167000E-03,+703.517580E-03
+1.172000E-03,+723.618083E-03
+1.177000E-03,+683.417078E-03
+1.182000E-03,+643.216073E-03
+1.187000E-03,+653.266325E-03
+1.192000E-03,+683.417078E-03
+1.197000E-03,+653.266325E-03
+1.202000E-03,+703.517580E-03
+1.207000E-03,+683.417078E-03
+1.212000E-03,+683.417078E-03
+1.217000E-03,+663.316576E-03
+1.222000E-03,+683.417078E-03
+1.227000E-03,+713.567832E-03
+1.232000E-03,+643.216074E-03
+1.237000E-03,+683.417078E-03
+1.242000E-03,+723.618083E-03
+1.247000E-03,+653.266325E-03
+1.252000E-03,+643.216074E-03
+1.257000E-03,+723.618083E-03
+1.262000E-03,+723.618083E-03
+1.267000E-03,+653.266325E-03
+1.272000E-03,+643.216074E-03
+1.277000E-03,+643.216074E-03
+1.282000E-03,+683.417078E-03
+1.287000E-03,+673.366827E-03
+1.292000E-03,+723.618083E-03
+1.297000E-03,+683.417078E-03
+1.302000E-03,+683.417078E-03
+1.307000E-03,+683.417078E-03
+1.312000E-03,+683.417078E-03
+1.317000E-03,+683.417078E-03
+1.322000E-03,+683.417078E-03
+1.327000E-03,+683.417078E-03
+1.332000E-03,+723.618083E-03
+1.337000E-03,+703.517580E-03
+1.342000E-03,+683.417078E-03
+1.347000E-03,+683.417078E-03
+1.352000E-03,+643.216074E-03
+1.357000E-03,+673.366827E-03
+1.362000E-03,+683.417078E-03
+1.367000E-03,+653.266325E-03
+1.372000E-03,+683.417078E-03
+1.377000E-03,+693.467329E-03
+1.382000E-03,+623.115571E-03
+1.387000E-03,+683.417078E-03
+1.392000E-03,+683.417078E-03
+1.397000E-03,+683.417078E-03
+1.402000E-03,+663.316576E-03
+1.407000E-03,+693.467329E-03
+1.412000E-03,+723.618083E-03
+1.417000E-03,+663.316576E-03
+1.422000E-03,+683.417078E-03
+1.427000E-03,+673.366827E-03
+1.432000E-03,+683.417078E-03
+1.437000E-03,+683.417078E-03
+1.442000E-03,+663.316576E-03
+1.447000E-03,+683.417078E-03
+1.452000E-03,+643.216074E-03
+1.457000E-03,+643.216074E-03
+1.462000E-03,+643.216074E-03
+1.467000E-03,+673.366827E-03
+1.472000E-03,+683.417078E-03
+1.477000E-03,+693.467329E-03
+1.482000E-03,+703.517580E-03
+1.487000E-03,+683.417078E-03
+1.492000E-03,+643.216074E-03
+1.497000E-03,+653.266325E-03
+1.502000E-03,+663.316576E-03
+1.507000E-03,+653.266325E-03
+1.512000E-03,+643.216074E-03
+1.517000E-03,+653.266325E-03
+1.522000E-03,+643.216074E-03
+1.527000E-03,+683.417078E-03
+1.532000E-03,+683.417078E-03
+1.537000E-03,+693.467329E-03
+1.542000E-03,+663.316576E-03
+1.547000E-03,+683.417078E-03
+1.552000E-03,+683.417078E-03
+1.557000E-03,+683.417078E-03
+1.562000E-03,+683.417078E-03
+1.567000E-03,+653.266325E-03
+1.572000E-03,+723.618083E-03
+1.577000E-03,+693.467329E-03
+1.582000E-03,+663.316576E-03
+1.587000E-03,+683.417078E-03
+1.592000E-03,+683.417078E-03
+1.597000E-03,+653.266325E-03
+1.602000E-03,+663.316576E-03
+1.607000E-03,+683.417078E-03
+1.612000E-03,+683.417078E-03
+1.617000E-03,+693.467329E-03
+1.622000E-03,+683.417078E-03
+1.627000E-03,+673.366827E-03
+1.632000E-03,+643.216074E-03
+1.637000E-03,+683.417078E-03
+1.642000E-03,+683.417078E-03
+1.647000E-03,+693.467329E-03
+1.652000E-03,+643.216074E-03
+1.657000E-03,+683.417078E-03
+1.662000E-03,+663.316576E-03
+1.667000E-03,+683.417078E-03
+1.672000E-03,+683.417078E-03
+1.677000E-03,+673.366827E-03
+1.682000E-03,+683.417078E-03
+1.687000E-03,+693.467329E-03
+1.692000E-03,+683.417078E-03
+1.697000E-03,+683.417078E-03
+1.702000E-03,+663.316576E-03
+1.707000E-03,+673.366827E-03
+1.712000E-03,+683.417078E-03
+1.717000E-03,+683.417078E-03
+1.722000E-03,+723.618083E-03
+1.727000E-03,+683.417078E-03
+1.732000E-03,+643.216074E-03
+1.737000E-03,+693.467329E-03
+1.742000E-03,+683.417078E-03
+1.747000E-03,+713.567832E-03
+1.752000E-03,+723.618083E-03
+1.757000E-03,+713.567832E-03
+1.762000E-03,+643.216074E-03
+1.767000E-03,+683.417078E-03
+1.772000E-03,+643.216074E-03
+1.777000E-03,+703.517580E-03
+1.782000E-03,+663.316576E-03
+1.787000E-03,+653.266325E-03
+1.792000E-03,+683.417078E-03
+1.797000E-03,+703.517580E-03
+1.802000E-03,+683.417078E-03
+1.807000E-03,+673.366827E-03
+1.812000E-03,+643.216074E-03
+1.817000E-03,+733.668334E-03
+1.822000E-03,+703.517580E-03
+1.827000E-03,+683.417078E-03
+1.832000E-03,+643.216074E-03
+1.837000E-03,+663.316576E-03
+1.842000E-03,+703.517580E-03
+1.847000E-03,+653.266325E-03
+1.852000E-03,+723.618083E-03
+1.857000E-03,+683.417078E-03
+1.862000E-03,+663.316576E-03
+1.867000E-03,+693.467329E-03
+1.872000E-03,+643.216074E-03
+1.877000E-03,+683.417078E-03
+1.882000E-03,+643.216074E-03
+1.887000E-03,+653.266325E-03
+1.892000E-03,+683.417078E-03
+1.897000E-03,+683.417078E-03
+1.902000E-03,+643.216074E-03
+1.907000E-03,+693.467329E-03
+1.912000E-03,+683.417078E-03
+1.917000E-03,+683.417078E-03
+1.922000E-03,+663.316576E-03
+1.927000E-03,+643.216074E-03
+1.932000E-03,+683.417078E-03
+1.937000E-03,+713.567832E-03
+1.942000E-03,+683.417078E-03
+1.947000E-03,+683.417078E-03
+1.952000E-03,+683.417078E-03
+1.957000E-03,+683.417078E-03
+1.962000E-03,+683.417078E-03
+1.967000E-03,+653.266325E-03
+1.972000E-03,+683.417078E-03
+1.977000E-03,+653.266325E-03
+1.982000E-03,+703.517580E-03
+1.987000E-03,+683.417078E-03
+1.992000E-03,+683.417078E-03
+1.997000E-03,+683.417078E-03
+2.002000E-03,+643.216074E-03
+2.007000E-03,+713.567832E-03
+2.012000E-03,+683.417078E-03
+2.017000E-03,+693.467329E-03
+2.022000E-03,+683.417078E-03
+2.027000E-03,+683.417078E-03
+2.032000E-03,+683.417078E-03
+2.037000E-03,+683.417078E-03
+2.042000E-03,+663.316576E-03
+2.047000E-03,+693.467329E-03
+2.052000E-03,+683.417078E-03
+2.057000E-03,+683.417078E-03
+2.062000E-03,+683.417078E-03
+2.067000E-03,+683.417078E-03
+2.072000E-03,+643.216074E-03
+2.077000E-03,+683.417078E-03
+2.082000E-03,+683.417078E-03
+2.087000E-03,+683.417078E-03
+2.092000E-03,+683.417078E-03
+2.097000E-03,+653.266325E-03
+2.102000E-03,+643.216074E-03
+2.107000E-03,+653.266325E-03
+2.112000E-03,+683.417078E-03
+2.117000E-03,+643.216074E-03
+2.122000E-03,+683.417078E-03
+2.127000E-03,+733.668334E-03
+2.132000E-03,+603.015069E-03
+2.137000E-03,+683.417078E-03
+2.142000E-03,+683.417078E-03
+2.147000E-03,+653.266325E-03
+2.152000E-03,+643.216074E-03
+2.157000E-03,+673.366827E-03
+2.162000E-03,+663.316576E-03
+2.167000E-03,+653.266325E-03
+2.172000E-03,+683.417078E-03
+2.177000E-03,+653.266325E-03
+2.182000E-03,+683.417078E-03
+2.187000E-03,+673.366827E-03
+2.192000E-03,+683.417078E-03
+2.197000E-03,+653.266325E-03
+2.202000E-03,+683.417078E-03
+2.207000E-03,+653.266325E-03
+2.212000E-03,+683.417078E-03
+2.217000E-03,+713.567832E-03
+2.222000E-03,+663.316576E-03
+2.227000E-03,+643.216074E-03
+2.232000E-03,+723.618083E-03
+2.237000E-03,+673.366827E-03
+2.242000E-03,+683.417078E-03
+2.247000E-03,+683.417078E-03
+2.252000E-03,+683.417078E-03
+2.257000E-03,+643.216074E-03
+2.262000E-03,+683.417078E-03
+2.267000E-03,+643.216074E-03
+2.272000E-03,+643.216074E-03
+2.277000E-03,+673.366827E-03
+2.282000E-03,+663.316576E-03
+2.287000E-03,+673.366827E-03
+2.292000E-03,+683.417078E-03
+2.297000E-03,+643.216074E-03
+2.302000E-03,+663.316576E-03
+2.307000E-03,+683.417078E-03
+2.312000E-03,+643.216074E-03
+2.317000E-03,+653.266325E-03
+2.322000E-03,+683.417078E-03
+2.327000E-03,+643.216074E-03
+2.332000E-03,+643.216074E-03
+2.337000E-03,+683.417078E-03
+2.342000E-03,+663.316576E-03
+2.347000E-03,+673.366827E-03
+2.352000E-03,+683.417078E-03
+2.357000E-03,+673.366827E-03
+2.362000E-03,+683.417078E-03
+2.367000E-03,+663.316576E-03
+2.372000E-03,+683.417078E-03
+2.377000E-03,+713.567832E-03
+2.382000E-03,+663.316576E-03
+2.387000E-03,+673.366827E-03
+2.392000E-03,+723.618083E-03
+2.397000E-03,+723.618083E-03
+2.402000E-03,+703.517580E-03
+2.407000E-03,+623.115571E-03
+2.412000E-03,+643.216074E-03
+2.417000E-03,+683.417078E-03
+2.422000E-03,+683.417078E-03
+2.427000E-03,+643.216074E-03
+2.432000E-03,+643.216074E-03
+2.437000E-03,+683.417078E-03
+2.442000E-03,+683.417078E-03
+2.447000E-03,+633.165822E-03
+2.452000E-03,+643.216074E-03
+2.457000E-03,+673.366827E-03
+2.462000E-03,+663.316576E-03
+2.467000E-03,+653.266325E-03
+2.472000E-03,+643.216074E-03
+2.477000E-03,+683.417078E-03
+2.482000E-03,+643.216074E-03
+2.487000E-03,+643.216074E-03
+2.492000E-03,+683.417078E-03
+2.497000E-03,+653.266325E-03
+2.502000E-03,+643.216074E-03
+2.507000E-03,+653.266325E-03
+2.512000E-03,+643.216074E-03
+2.517000E-03,+643.216074E-03
+2.522000E-03,+663.316576E-03
+2.527000E-03,+673.366827E-03
+2.532000E-03,+683.417078E-03
+2.537000E-03,+703.517580E-03
+2.542000E-03,+683.417078E-03
+2.547000E-03,+673.366827E-03
+2.552000E-03,+683.417078E-03
+2.557000E-03,+703.517580E-03
+2.562000E-03,+663.316576E-03
+2.567000E-03,+623.115571E-03
+2.572000E-03,+683.417078E-03
+2.577000E-03,+673.366827E-03
+2.582000E-03,+683.417078E-03
+2.587000E-03,+703.517580E-03
+2.592000E-03,+683.417078E-03
+2.597000E-03,+633.165822E-03
+2.602000E-03,+643.216074E-03
+2.607000E-03,+653.266325E-03
+2.612000E-03,+643.216074E-03
+2.617000E-03,+683.417078E-03
+2.622000E-03,+643.216074E-03
+2.627000E-03,+713.567832E-03
+2.632000E-03,+683.417078E-03
+2.637000E-03,+643.216074E-03
+2.642000E-03,+683.417078E-03
+2.647000E-03,+693.467329E-03
+2.652000E-03,+643.216074E-03
+2.657000E-03,+653.266325E-03
+2.662000E-03,+683.417078E-03
+2.667000E-03,+653.266325E-03
+2.672000E-03,+683.417078E-03
+2.677000E-03,+693.467329E-03
+2.682000E-03,+663.316576E-03
+2.687000E-03,+643.216074E-03
+2.692000E-03,+683.417078E-03
+2.697000E-03,+653.266325E-03
+2.702000E-03,+643.216074E-03
+2.707000E-03,+643.216074E-03
+2.712000E-03,+643.216073E-03
+2.717000E-03,+653.266325E-03
+2.722000E-03,+663.316576E-03
+2.727000E-03,+673.366827E-03
+2.732000E-03,+683.417078E-03
+2.737000E-03,+683.417078E-03
+2.742000E-03,+643.216074E-03
+2.747000E-03,+683.417078E-03
+2.752000E-03,+683.417078E-03
+2.757000E-03,+673.366827E-03
+2.762000E-03,+723.618083E-03
+2.767000E-03,+683.417078E-03
+2.772000E-03,+643.216074E-03
+2.777000E-03,+683.417078E-03
+2.782000E-03,+663.316576E-03
+2.787000E-03,+633.165822E-03
+2.792000E-03,+643.216074E-03
+2.797000E-03,+683.417078E-03
+2.802000E-03,+663.316576E-03
+2.807000E-03,+673.366827E-03
+2.812000E-03,+683.417078E-03
+2.817000E-03,+713.567832E-03
+2.822000E-03,+703.517580E-03
+2.827000E-03,+683.417078E-03
+2.832000E-03,+643.216074E-03
+2.837000E-03,+653.266325E-03
+2.842000E-03,+683.417078E-03
+2.847000E-03,+653.266325E-03
+2.852000E-03,+603.015069E-03
+2.857000E-03,+683.417078E-03
+2.862000E-03,+683.417078E-03
+2.867000E-03,+653.266325E-03
+2.872000E-03,+643.216074E-03
+2.877000E-03,+673.366827E-03
+2.882000E-03,+683.417078E-03
+2.887000E-03,+643.216074E-03
+2.892000E-03,+643.216074E-03
+2.897000E-03,+673.366827E-03
+2.902000E-03,+683.417078E-03
+2.907000E-03,+683.417078E-03
+2.912000E-03,+683.417078E-03
+2.917000E-03,+673.366827E-03
+2.922000E-03,+703.517580E-03
+2.927000E-03,+673.366827E-03
+2.932000E-03,+643.216074E-03
+2.937000E-03,+683.417078E-03
+2.942000E-03,+683.417078E-03
+2.947000E-03,+683.417078E-03
+2.952000E-03,+683.417078E-03
+2.957000E-03,+653.266325E-03
+2.962000E-03,+643.216074E-03
+2.967000E-03,+653.266325E-03
+2.972000E-03,+683.417078E-03
+2.977000E-03,+653.266325E-03
+2.982000E-03,+683.417078E-03
+2.987000E-03,+653.266325E-03
+2.992000E-03,+643.216074E-03
+2.997000E-03,+653.266325E-03
+3.002000E-03,+683.417078E-03
+3.007000E-03,+653.266325E-03
+3.012000E-03,+643.216074E-03
+3.017000E-03,+653.266325E-03
+3.022000E-03,+663.316576E-03
+3.027000E-03,+683.417078E-03
+3.032000E-03,+683.417078E-03
+3.037000E-03,+643.216074E-03
+3.042000E-03,+663.316576E-03
+3.047000E-03,+713.567832E-03
+3.052000E-03,+683.417078E-03
+3.057000E-03,+683.417078E-03
+3.062000E-03,+683.417078E-03
+3.067000E-03,+683.417078E-03
+3.072000E-03,+683.417078E-03
+3.077000E-03,+653.266325E-03
+3.082000E-03,+663.316576E-03
+3.087000E-03,+713.567832E-03
+3.092000E-03,+683.417078E-03
+3.097000E-03,+653.266325E-03
+3.102000E-03,+683.417078E-03
+3.107000E-03,+683.417078E-03
+3.112000E-03,+683.417078E-03
+3.117000E-03,+703.517580E-03
+3.122000E-03,+703.517580E-03
+3.127000E-03,+673.366827E-03
+3.132000E-03,+683.417078E-03
+3.137000E-03,+683.417078E-03
+3.142000E-03,+643.216073E-03
+3.147000E-03,+673.366827E-03
+3.152000E-03,+643.216074E-03
+3.157000E-03,+673.366827E-03
+3.162000E-03,+683.417078E-03
+3.167000E-03,+673.366827E-03
+3.172000E-03,+643.216074E-03
+3.177000E-03,+663.316576E-03
+3.182000E-03,+663.316576E-03
+3.187000E-03,+673.366827E-03
+3.192000E-03,+683.417078E-03
+3.197000E-03,+683.417078E-03
+3.202000E-03,+683.417078E-03
+3.207000E-03,+653.266325E-03
+3.212000E-03,+643.216074E-03
+3.217000E-03,+643.216074E-03
+3.222000E-03,+683.417078E-03
+3.227000E-03,+653.266325E-03
+3.232000E-03,+643.216074E-03
+3.237000E-03,+683.417078E-03
+3.242000E-03,+643.216074E-03
+3.247000E-03,+683.417078E-03
+3.252000E-03,+683.417078E-03
+3.257000E-03,+683.417078E-03
+3.262000E-03,+683.417078E-03
+3.267000E-03,+663.316576E-03
+3.272000E-03,+683.417078E-03
+3.277000E-03,+653.266325E-03
+3.282000E-03,+643.216074E-03
+3.287000E-03,+673.366827E-03
+3.292000E-03,+643.216074E-03
+3.297000E-03,+653.266325E-03
+3.302000E-03,+683.417078E-03
+3.307000E-03,+713.567832E-03
+3.312000E-03,+683.417078E-03
+3.317000E-03,+683.417078E-03
+3.322000E-03,+683.417078E-03
+3.327000E-03,+653.266325E-03
+3.332000E-03,+683.417078E-03
+3.337000E-03,+683.417078E-03
+3.342000E-03,+683.417078E-03
+3.347000E-03,+713.567832E-03
+3.352000E-03,+643.216074E-03
+3.357000E-03,+683.417078E-03
+3.362000E-03,+663.316576E-03
+3.367000E-03,+683.417078E-03
+3.372000E-03,+683.417078E-03
+3.377000E-03,+683.417078E-03
+3.382000E-03,+683.417078E-03
+3.387000E-03,+693.467329E-03
+3.392000E-03,+723.618083E-03
+3.397000E-03,+713.567832E-03
+3.402000E-03,+703.517580E-03
+3.407000E-03,+683.417078E-03
+3.412000E-03,+723.618083E-03
+3.417000E-03,+683.417078E-03
+3.422000E-03,+683.417078E-03
+3.427000E-03,+683.417078E-03
+3.432000E-03,+683.417078E-03
+3.437000E-03,+683.417078E-03
+3.442000E-03,+703.517580E-03
+3.447000E-03,+683.417078E-03
+3.452000E-03,+683.417078E-03
+3.457000E-03,+683.417078E-03
+3.462000E-03,+683.417078E-03
+3.467000E-03,+713.567832E-03
+3.472000E-03,+643.216074E-03
+3.477000E-03,+673.366827E-03
+3.482000E-03,+703.517580E-03
+3.487000E-03,+673.366827E-03
+3.492000E-03,+723.618083E-03
+3.497000E-03,+683.417078E-03
+3.502000E-03,+663.316576E-03
+3.507000E-03,+653.266325E-03
+3.512000E-03,+643.216074E-03
+3.517000E-03,+683.417078E-03
+3.522000E-03,+703.517580E-03
+3.527000E-03,+663.316576E-03
+3.532000E-03,+643.216074E-03
+3.537000E-03,+653.266325E-03
+3.542000E-03,+683.417078E-03
+3.547000E-03,+703.517580E-03
+3.552000E-03,+723.618083E-03
+3.557000E-03,+673.366827E-03
+3.562000E-03,+703.517580E-03
+3.567000E-03,+683.417078E-03
+3.572000E-03,+723.618083E-03
+3.577000E-03,+673.366827E-03
+3.582000E-03,+683.417078E-03
+3.587000E-03,+683.417078E-03
+3.592000E-03,+683.417078E-03
+3.597000E-03,+683.417078E-03
+3.602000E-03,+683.417078E-03
+3.607000E-03,+683.417078E-03
+3.612000E-03,+683.417078E-03
+3.617000E-03,+683.417078E-03
+3.622000E-03,+703.517580E-03
+3.627000E-03,+673.366827E-03
+3.632000E-03,+683.417078E-03
+3.637000E-03,+683.417078E-03
+3.642000E-03,+683.417078E-03
+3.647000E-03,+693.467329E-03
+3.652000E-03,+683.417078E-03
+3.657000E-03,+683.417078E-03
+3.662000E-03,+683.417078E-03
+3.667000E-03,+713.567832E-03
+3.672000E-03,+683.417078E-03
+3.677000E-03,+683.417078E-03
+3.682000E-03,+683.417078E-03
+3.687000E-03,+653.266325E-03
+3.692000E-03,+683.417078E-03
+3.697000E-03,+663.316576E-03
+3.702000E-03,+683.417078E-03
+3.707000E-03,+683.417078E-03
+3.712000E-03,+683.417078E-03
+3.717000E-03,+653.266325E-03
+3.722000E-03,+663.316576E-03
+3.727000E-03,+673.366827E-03
+3.732000E-03,+683.417078E-03
+3.737000E-03,+663.316576E-03
+3.742000E-03,+683.417078E-03
+3.747000E-03,+673.366827E-03
+3.752000E-03,+683.417078E-03
+3.757000E-03,+673.366827E-03
+3.762000E-03,+703.517580E-03
+3.767000E-03,+693.467329E-03
+3.772000E-03,+723.618083E-03
+3.777000E-03,+673.366827E-03
+3.782000E-03,+683.417078E-03
+3.787000E-03,+683.417078E-03
+3.792000E-03,+683.417078E-03
+3.797000E-03,+673.366827E-03
+3.802000E-03,+703.517580E-03
+3.807000E-03,+683.417078E-03
+3.812000E-03,+683.417078E-03
+3.817000E-03,+693.467329E-03
+3.822000E-03,+683.417078E-03
+3.827000E-03,+683.417078E-03
+3.832000E-03,+683.417078E-03
+3.837000E-03,+653.266325E-03
+3.842000E-03,+703.517580E-03
+3.847000E-03,+713.567832E-03
+3.852000E-03,+683.417078E-03
+3.857000E-03,+693.467329E-03
+3.862000E-03,+683.417078E-03
+3.867000E-03,+653.266325E-03
+3.872000E-03,+683.417078E-03
+3.877000E-03,+683.417078E-03
+3.882000E-03,+683.417078E-03
+3.887000E-03,+683.417078E-03
+3.892000E-03,+723.618083E-03
+3.897000E-03,+683.417078E-03
+3.902000E-03,+683.417078E-03
+3.907000E-03,+683.417078E-03
+3.912000E-03,+683.417078E-03
+3.917000E-03,+663.316576E-03
+3.922000E-03,+703.517580E-03
+3.927000E-03,+683.417078E-03
+3.932000E-03,+723.618083E-03
+3.937000E-03,+653.266325E-03
+3.942000E-03,+683.417078E-03
+3.947000E-03,+703.517580E-03
+3.952000E-03,+683.417078E-03
+3.957000E-03,+673.366827E-03
+3.962000E-03,+683.417078E-03
+3.967000E-03,+723.618083E-03
+3.972000E-03,+683.417078E-03
+3.977000E-03,+713.567832E-03
+3.982000E-03,+703.517580E-03
+3.987000E-03,+723.618083E-03
+3.992000E-03,+723.618083E-03
+3.997000E-03,+683.417078E-03
+4.002000E-03,+703.517580E-03
+4.007000E-03,+713.567832E-03
+4.012000E-03,+683.417078E-03
+4.017000E-03,+683.417078E-03
+4.022000E-03,+683.417078E-03
+4.027000E-03,+683.417078E-03
+4.032000E-03,+723.618083E-03
+4.037000E-03,+683.417078E-03
+4.042000E-03,+663.316576E-03
+4.047000E-03,+683.417078E-03
+4.052000E-03,+683.417078E-03
+4.057000E-03,+683.417078E-03
+4.062000E-03,+723.618083E-03
+4.067000E-03,+643.216074E-03
+4.072000E-03,+643.216074E-03
+4.077000E-03,+673.366827E-03
+4.082000E-03,+663.316576E-03
+4.087000E-03,+653.266325E-03
+4.092000E-03,+683.417078E-03
+4.097000E-03,+673.366827E-03
+4.102000E-03,+643.216074E-03
+4.107000E-03,+693.467329E-03
+4.112000E-03,+643.216074E-03
+4.117000E-03,+703.517581E-03
+4.122000E-03,+683.417078E-03
+4.127000E-03,+683.417078E-03
+4.132000E-03,+683.417078E-03
+4.137000E-03,+653.266325E-03
+4.142000E-03,+683.417078E-03
+4.147000E-03,+673.366827E-03
+4.152000E-03,+683.417078E-03
+4.157000E-03,+643.216074E-03
+4.162000E-03,+663.316576E-03
+4.167000E-03,+683.417078E-03
+4.172000E-03,+683.417078E-03
+4.177000E-03,+683.417078E-03
+4.182000E-03,+683.417078E-03
+4.187000E-03,+713.567832E-03
+4.192000E-03,+683.417078E-03
+4.197000E-03,+743.718585E-03
+4.202000E-03,+703.517580E-03
+4.207000E-03,+693.467329E-03
+4.212000E-03,+683.417078E-03
+4.217000E-03,+653.266325E-03
+4.222000E-03,+703.517580E-03
+4.227000E-03,+683.417078E-03
+4.232000E-03,+643.216074E-03
+4.237000E-03,+683.417078E-03
+4.242000E-03,+683.417078E-03
+4.247000E-03,+663.316576E-03
+4.252000E-03,+723.618083E-03
+4.257000E-03,+643.216074E-03
+4.262000E-03,+663.316576E-03
+4.267000E-03,+673.366827E-03
+4.272000E-03,+643.216074E-03
+4.277000E-03,+653.266325E-03
+4.282000E-03,+703.517580E-03
+4.287000E-03,+683.417078E-03
+4.292000E-03,+723.618083E-03
+4.297000E-03,+663.316576E-03
+4.302000E-03,+663.316576E-03
+4.307000E-03,+673.366827E-03
+4.312000E-03,+643.216074E-03
+4.317000E-03,+683.417078E-03
+4.322000E-03,+663.316576E-03
+4.327000E-03,+683.417078E-03
+4.332000E-03,+683.417078E-03
+4.337000E-03,+653.266325E-03
+4.342000E-03,+683.417078E-03
+4.347000E-03,+683.417078E-03
+4.352000E-03,+723.618083E-03
+4.357000E-03,+643.216074E-03
+4.362000E-03,+643.216074E-03
+4.367000E-03,+683.417078E-03
+4.372000E-03,+643.216074E-03
+4.377000E-03,+703.517581E-03
+4.382000E-03,+683.417078E-03
+4.387000E-03,+643.216074E-03
+4.392000E-03,+683.417078E-03
+4.397000E-03,+643.216074E-03
+4.402000E-03,+663.316576E-03
+4.407000E-03,+693.467329E-03
+4.412000E-03,+643.216074E-03
+4.417000E-03,+643.216074E-03
+4.422000E-03,+643.216074E-03
+4.427000E-03,+713.567831E-03
+4.432000E-03,+643.216074E-03
+4.437000E-03,+683.417078E-03
+4.442000E-03,+683.417078E-03
+4.447000E-03,+673.366827E-03
+4.452000E-03,+643.216074E-03
+4.457000E-03,+663.316576E-03
+4.462000E-03,+683.417078E-03
+4.467000E-03,+673.366827E-03
+4.472000E-03,+643.216074E-03
+4.477000E-03,+643.216074E-03
+4.482000E-03,+643.216074E-03
+4.487000E-03,+673.366827E-03
+4.492000E-03,+603.015069E-03
+4.497000E-03,+683.417078E-03
+4.502000E-03,+643.216074E-03
+4.507000E-03,+673.366827E-03
+4.512000E-03,+683.417078E-03
+4.517000E-03,+643.216074E-03
+4.522000E-03,+683.417078E-03
+4.527000E-03,+653.266325E-03
+4.532000E-03,+643.216074E-03
+4.537000E-03,+653.266325E-03
+4.542000E-03,+643.216074E-03
+4.547000E-03,+653.266325E-03
+4.552000E-03,+683.417078E-03
+4.557000E-03,+673.366827E-03
+4.562000E-03,+663.316576E-03
+4.567000E-03,+683.417078E-03
+4.572000E-03,+683.417078E-03
+4.577000E-03,+673.366827E-03
+4.582000E-03,+663.316576E-03
+4.587000E-03,+673.366827E-03
+4.592000E-03,+683.417078E-03
+4.597000E-03,+673.366827E-03
+4.602000E-03,+683.417078E-03
+4.607000E-03,+683.417078E-03
+4.612000E-03,+683.417078E-03
+4.617000E-03,+683.417078E-03
+4.622000E-03,+683.417078E-03
+4.627000E-03,+653.266325E-03
+4.632000E-03,+683.417078E-03
+4.637000E-03,+673.366827E-03
+4.642000E-03,+663.316576E-03
+4.647000E-03,+663.316576E-03
+4.652000E-03,+683.417078E-03
+4.657000E-03,+673.366827E-03
+4.662000E-03,+683.417078E-03
+4.667000E-03,+683.417078E-03
+4.672000E-03,+643.216074E-03
+4.677000E-03,+633.165822E-03
+4.682000E-03,+643.216074E-03
+4.687000E-03,+613.065320E-03
+4.692000E-03,+683.417078E-03
+4.697000E-03,+673.366827E-03
+4.702000E-03,+663.316576E-03
+4.707000E-03,+683.417078E-03
+4.712000E-03,+643.216074E-03
+4.717000E-03,+653.266325E-03
+4.722000E-03,+683.417078E-03
+4.727000E-03,+673.366827E-03
+4.732000E-03,+643.216074E-03
+4.737000E-03,+683.417078E-03
+4.742000E-03,+663.316576E-03
+4.747000E-03,+653.266325E-03
+4.752000E-03,+643.216074E-03
+4.757000E-03,+643.216074E-03
+4.762000E-03,+703.517580E-03
+4.767000E-03,+683.417078E-03
+4.772000E-03,+683.417078E-03
+4.777000E-03,+673.366827E-03
+4.782000E-03,+663.316576E-03
+4.787000E-03,+683.417078E-03
+4.792000E-03,+643.216074E-03
+4.797000E-03,+643.216074E-03
+4.802000E-03,+663.316576E-03
+4.807000E-03,+673.366827E-03
+4.812000E-03,+683.417078E-03
+4.817000E-03,+673.366827E-03
+4.822000E-03,+663.316576E-03
+4.827000E-03,+643.216074E-03
+4.832000E-03,+683.417078E-03
+4.837000E-03,+673.366827E-03
+4.842000E-03,+643.216074E-03
+4.847000E-03,+653.266325E-03
+4.852000E-03,+683.417078E-03
+4.857000E-03,+683.417078E-03
+4.862000E-03,+663.316576E-03
+4.867000E-03,+673.366827E-03
+4.872000E-03,+643.216074E-03
+4.877000E-03,+683.417078E-03
+4.882000E-03,+683.417078E-03
+4.887000E-03,+703.517580E-03
+4.892000E-03,+643.216074E-03
+4.897000E-03,+683.417078E-03
+4.902000E-03,+643.216074E-03
+4.907000E-03,+653.266325E-03
+4.912000E-03,+643.216074E-03
+4.917000E-03,+693.467329E-03
+4.922000E-03,+683.417078E-03
+4.927000E-03,+643.216074E-03
+4.932000E-03,+683.417078E-03
+4.937000E-03,+653.266325E-03
+4.942000E-03,+683.417078E-03
+4.947000E-03,+673.366827E-03
+4.952000E-03,+683.417078E-03
+4.957000E-03,+683.417078E-03
+4.962000E-03,+663.316576E-03
+4.967000E-03,+643.216074E-03
+4.972000E-03,+683.417078E-03
+4.977000E-03,+643.216074E-03
+4.982000E-03,+683.417078E-03
+4.987000E-03,+653.266325E-03
+4.992000E-03,+643.216074E-03
+4.997000E-03,+703.517581E-03
